Business Name,Total Entries,Total Missing Values,Missing Followers,Missing Pictures,Missing Videos,Missing Comments,Missing Likes
All Brands,1332,96,80,4,4,4,4
Missguided,1365,54,54,0,0,0,0
Poshmark,455,131,131,0,0,0,0
SHEIN,806,34,16,6,4,4,4
Aeropostale,403,133,131,0,2,0,0
Nasty Gal,1365,0,0,0,0,0,0
Hermes,1612,1060,1040,4,8,4,4
Boohoo,910,168,168,0,0,0,0
Asos,455,47,29,0,18,0,0
Zalando,1365,27,0,0,27,0,0
Fashion Nova,1365,0,0,0,0,0,0
REVOLVE,1365,183,174,0,9,0,0
Pretty Little Thing,2275,5,0,0,5,0,0
Pandora,403,140,131,0,9,0,0
Piaget,910,38,38,0,0,0,0
Loewe,1820,4,0,0,4,0,0
Montblanc,1365,9,0,9,0,0,0
Longines,910,398,366,0,32,0,0
Etsy,1365,87,87,0,0,0,0
Net-a-Porter,27755,2802,2473,42,203,42,42
Dolce & Gabbana,1365,0,0,0,0,0,0
Bulgari,1194,339,327,0,12,0,0
Armani,554,18,2,4,4,4,4
Sandro,910,336,332,0,4,0,0
Jimmy Choo,1365,315,315,0,0,0,0
Maje,910,74,74,0,0,0,0
Van Cleef & Arpels,1365,270,156,0,114,0,0
Christian Louboutin,1365,165,159,0,6,0,0
Skip Hop,910,598,486,0,112,0,0
YOOX,910,384,366,0,18,0,0
Miu Miu,455,1,0,0,1,0,0
H&M,910,808,616,0,192,0,0
Dior,806,274,260,2,8,2,2
Mango,1365,33,0,0,33,0,0
Jaeger-LeCoultre,910,340,332,0,8,0,0
Balmain,910,214,214,0,0,0,0
Primark,806,268,262,0,6,0,0
Tiffany & Co.,1209,399,393,0,6,0,0
Farfetch,1820,0,0,0,0,0,0
Prada,368,16,4,3,3,3,3
Panerai,910,332,332,0,0,0,0
Gucci,2275,25,0,0,25,0,0
Forever 21,1365,18,0,0,18,0,0
Kenzo,910,368,368,0,0,0,0
FWRD,1155,129,99,6,12,6,6
Muji,455,190,190,0,0,0,0
Chopard,455,106,106,0,0,0,0
Harry Winston,910,380,332,0,48,0,0
Bottega Veneta,1820,836,0,212,208,208,208
Boss,1820,36,0,0,36,0,0
Tissot,455,176,166,0,10,0,0
Matchesfashion,1365,495,495,0,0,0,0
Wish,806,228,228,0,0,0,0
Stitch Fix,910,344,332,0,12,0,0
Vacheron Constantin,1365,0,0,0,0,0,0
COS,455,166,166,0,0,0,0
Alexander McQueen,455,41,29,0,12,0,0
Swatch,455,190,183,0,4,3,0
OshKosh B'gosh,403,133,126,1,4,1,1
Rent the Runway,422,152,74,19,21,19,19
Tobi,762,396,392,0,4,0,0
Shopbop,910,0,0,0,0,0,0
Burberry,546,814,0,192,238,192,192
Moncler,455,30,30,0,0,0,0
Versace,1365,12,0,0,12,0,0
SSENSE,1365,3,0,0,3,0,0
Esprit,728,290,202,8,64,8,8
Omega,910,302,276,0,26,0,0
Uniqlo,1209,168,159,0,9,0,0
Hublot,910,252,250,0,2,0,0
Fendi,910,398,304,0,94,0,0
The RealReal,1716,592,560,4,20,4,4
Topman,910,320,294,0,26,0,0
C&A,455,178,166,0,12,0,0
Carter's,1365,0,0,0,0,0,0
TAG Heuer,455,39,39,0,0,0,0
Stella McCartney,403,133,131,0,2,0,0
Zegna,455,308,308,0,0,0,0
Chloe,403,132,131,0,1,0,0
Tod's,518,110,92,4,6,4,4
Mytheresa,910,358,332,0,26,0,0
Hugo,2275,0,0,0,0,0,0
Topshop,882,69,15,6,36,6,6
Roger Vivier,1820,772,716,0,56,0,0
Balenciaga,350,85,77,2,2,2,2
Chanel,1820,0,0,0,0,0,0
Cartier,570,116,18,0,0,98,0
Louis Vuitton,1820,1024,172,212,216,212,212
Zara,580,34,34,0,0,0,0
Crocs,1732,136,104,8,8,8,8
Ferragamo,1365,189,171,0,18,0,0
ThredUp,442,382,372,0,10,0,0
Boozt,910,332,332,0,0,0,0
Tudor,1420,52,32,0,20,0,0
Otto GmbH,580,36,34,0,2,0,0
Breguet,806,278,264,0,12,2,0
Blancpain,910,186,186,0,0,0,0
Finish Line,320,49,48,0,1,0,0
Sizeer,892,186,168,0,18,0,0
J. C. Penney,1820,0,0,0,0,0,0
YesStyle,290,100,94,1,3,1,1
Rolex,455,60,57,0,3,0,0
About You,1820,0,0,0,0,0,0
Moda Operandi,225,85,77,2,2,2,2
Saint Laurent,910,194,194,0,0,0,0
Claudie Pierlot,1365,528,498,0,30,0,0
Citi Trends,1820,0,0,0,0,0,0
Brunello Cucinelli,1365,0,0,0,0,0,0
Celine,910,698,614,0,84,0,0
Fila,411,147,104,2,33,6,2
Citizen,1820,292,292,0,0,0,0
Timex,372,95,83,3,3,3,3
Rado,455,12,3,0,9,0,0
Tory Burch,910,242,210,6,14,6,6
Burlington Coat Factory,1365,0,0,0,0,0,0
Bergdorf Goodman,455,199,179,1,17,1,1
IWC Schaffhausen,1365,198,186,0,12,0,0
Alexander Wang,346,118,57,1,58,1,1
Sperry,910,384,366,0,18,0,0
Reebok,536,172,132,8,16,8,8
Nike,806,264,262,0,2,0,0
The North Face,596,64,52,0,12,0,0
Madewell,1365,0,0,0,0,0,0
New Balance,806,294,260,0,34,0,0
Theory,1820,1328,1328,0,0,0,0
Ted Baker,1820,12,0,0,12,0,0
Lorna Jane,910,36,36,0,0,0,0
Barneys New York,1365,537,537,0,0,0,0
HomeGoods,455,74,74,0,0,0,0
Nordstrom Rack,1384,76,12,16,16,16,16
Proenza Schouler,910,364,332,0,32,0,0
Superdry,455,452,355,3,88,3,3
Oysho,1182,381,351,3,21,3,3
Outdoor Voices,692,302,274,6,10,6,6
Chaumet,1365,522,498,0,24,0,0
Neiman Marcus Last Call,910,0,0,0,0,0,0
Alice & Olivia,1820,16,0,0,16,0,0
Acne Studios,298,0,0,0,0,0,0
Anthropologie,455,21,21,0,0,0,0
Marc Jacobs,1365,105,78,3,18,3,3
AllSaints,762,156,114,2,36,2,2
Dockers,910,12,0,0,12,0,0
Victoria's Secret,910,0,0,0,0,0,0
Carolina Herrera,910,332,332,0,0,0,0
Fabletics,910,36,0,0,36,0,0
Dsquared2,1820,836,0,208,212,208,208
Bershka,910,2,0,0,2,0,0
Givenchy,1820,0,0,0,0,0,0
Lee,1820,4,0,0,4,0,0
Rag & Bone,316,34,10,3,15,3,3
Tom Ford,1420,332,316,0,12,4,0
Coach,1365,555,537,0,18,0,0
Richard Mille,403,135,131,0,3,1,0
Canada Goose,455,69,56,0,13,0,0
3.1 Phillip Lim,455,201,179,0,22,0,0
Kohl's,1560,1744,0,436,436,436,436
Kate Spade,450,98,90,2,2,2,2
Marshall's,910,40,40,0,0,0,0
TJ Maxx,455,71,71,0,0,0,0
Johnston & Murphy,1365,0,0,0,0,0,0
Inov-8,910,116,116,0,0,0,0
Urban Outfitters,1365,498,498,0,0,0,0
Aerie,455,202,179,1,20,1,1
SOREL,455,183,183,0,0,0,0
Hoka One One,788,286,242,2,38,2,2
The Kooples,455,38,35,0,3,0,0
Casio Watch,910,334,332,0,2,0,0
Timberland,806,262,262,0,0,0,0
Vince Camuto,806,268,260,2,2,2,2
Wrangler,910,332,332,0,0,0,0
Gap,403,136,131,0,5,0,0
Amaro,1820,664,664,0,0,0,0
Designer Shoe Warehouse,844,156,0,42,38,38,38
Levi's,1275,39,9,3,21,3,3
Daniel Wellington,1156,1172,0,292,296,292,292
American Eagle,1365,126,126,0,0,0,0
Doyoueven,1365,108,72,0,36,0,0
Old Navy,320,83,81,0,2,0,0
Alo Yoga,910,398,332,0,66,0,0
Massimo Dutti,455,68,68,0,0,0,0
J Crew,1365,33,33,0,0,0,0
Under Armour,806,302,262,10,10,10,10
Vans,1365,0,0,0,0,0,0
Dafiti,455,5,0,0,5,0,0
Pull&Bear,1365,180,126,12,18,12,12
Uterque,1820,0,0,0,0,0,0
Donna Karan,394,2,1,0,1,0,0
Tommy Hilfiger,272,0,0,0,0,0,0
Diane Von Furstenberg,1365,498,498,0,0,0,0
Skechers,1820,0,0,0,0,0,0
Saucony,455,199,183,4,4,4,4
Dillard's,329,62,57,1,2,1,1
Nine West,910,284,284,0,0,0,0
Macy's,1365,30,9,0,21,0,0
Michael Kors,910,406,366,0,40,0,0
Adidas,455,5,0,0,5,0,0
Marisa,1365,537,537,0,0,0,0
C&A Brasil,910,50,0,0,50,0,0
UGG,1365,498,498,0,0,0,0
Steve Madden,403,56,47,1,6,1,1
Saks Off Fifth,455,118,102,0,16,0,0
Hollister,1365,0,0,0,0,0,0
MVMT,403,134,131,0,3,0,0
Lojas Renner,806,272,262,0,10,0,0
Dr. Martens,910,236,162,0,74,0,0
Cole Haan,910,340,332,0,8,0,0
Ross Dress For Less,910,380,332,6,30,6,6
Banana Republic,284,378,58,8,20,284,8
Manolo Blahnik,910,160,160,0,0,0,0
Vince,390,323,317,0,6,0,0
Sam Edelman,806,226,224,0,2,0,0
Lord + Taylor,806,284,260,2,18,2,2
Nordstrom,333,224,215,1,6,1,1
Neiman Marcus,294,34,22,3,3,3,3
Nautica,440,148,0,37,37,37,37
Supreme,455,220,188,0,30,2,0
Athleta,378,232,0,58,58,58,58
Saks Fifth Avenue,1820,28,0,0,28,0,0
Max Mara,289,309,0,77,78,77,77
Sweaty Betty,455,103,103,0,0,0,0
Valentino,1820,736,664,0,72,0,0
Puma,455,16,16,0,0,0,0
Roberto Cavalli,403,135,131,0,4,0,0
Breitling,1820,664,664,0,0,0,0
Ralph Lauren,1365,264,264,0,0,0,0
Hering,403,134,131,0,3,0,0
Calvin Klein,910,342,332,0,10,0,0
Abercrombie & Fitch,1820,244,244,0,0,0,0
Lululemon,2275,1535,1515,0,20,0,0
Thom Browne,1820,0,0,0,0,0,0
Stradivarius,327,44,0,11,11,11,11
Champion,1820,24,0,4,12,4,4
Bloomingdale's,910,288,270,0,18,0,0
Riachuelo,403,134,132,0,2,0,0
Hey Dude,1365,378,378,0,0,0,0
Kurt Geiger,46,2,2,0,0,0,0
Glashutte Original,1700,360,0,88,96,88,88
Ultracor,446,157,157,0,0,0,0
Zenith,455,195,179,2,10,2,2
Peoples Jewellers,403,127,127,0,0,0,0
24S,455,30,30,0,0,0,0
Piercing Pagoda,910,98,98,0,0,0,0
Off-White,910,0,0,0,0,0,0
Huffer,1820,264,224,0,40,0,0
DKNY,394,137,122,3,6,3,3
Macy's Backstage,272,0,0,0,0,0,0
Ray Ban,420,245,110,1,132,1,1
Mido,1365,324,324,0,0,0,0
P.E Nation,455,219,166,4,41,4,4
Superdown,910,342,332,0,10,0,0
Kay Jewelers,754,460,458,0,2,0,0
Roger Dubuis,455,185,183,0,2,0,0
Big Lots,455,56,56,0,0,0,0
Shoe Palace,910,0,0,0,0,0,0
Aritzia,1365,636,0,159,159,159,159
Zales,416,32,19,3,4,3,3
Hamilton Watch,455,122,117,0,5,0,0
Allbirds,1350,369,348,0,21,0,0
Certina,806,278,262,2,10,2,2
Patek Philippe,455,321,183,0,138,0,0
DTLR,910,370,364,0,6,0,0
Audemars Piguet,1820,0,0,0,0,0,0
Jared The Galleria of Jewelry,264,11,2,2,3,2,2
Ivy Park,910,306,294,0,12,0,0
dd's Discounts,806,292,262,0,30,0,0
Cheesecake Factory,1820,600,0,140,180,140,140
Seiko,1194,78,21,0,57,0,0
Domino's Pizza,1820,0,0,0,0,0,0
Dunkin' Donuts,433,153,144,2,3,2,2
Columbia Sportswear,398,72,48,0,24,0,0
Dr Pepper,1365,51,51,0,0,0,0
Quiksilver,2275,1060,0,265,265,265,265
Jack in the Box,1362,1047,546,0,501,0,0
Li Ning,455,166,166,0,0,0,0
Field Roast,455,301,191,18,55,19,18
Yoplait,640,292,288,0,4,0,0
Chipotle,1365,498,498,0,0,0,0
Atkins,1365,627,0,156,159,156,156
Tim Horton's,1365,78,0,0,78,0,0
Schuh,455,33,33,0,0,0,0
Taco Bell,1820,0,0,0,0,0,0
Noosa,1278,471,0,117,120,117,117
Pure Protein,1820,556,556,0,0,0,0
Aperol,455,158,127,0,31,0,0
Upton's Naturals,676,160,124,6,18,6,6
Champs Sports,455,114,114,0,0,0,0
BJ's Restaurant & Brewhouse,450,170,161,2,3,2,2
Costa Coffee,455,394,179,53,56,53,53
Rockstar,796,254,250,0,2,2,0
CCC Shoes,455,47,33,0,14,0,0
In-N-Out Burger,1365,309,309,0,0,0,0
Shake Shack,754,240,202,6,20,6,6
Jameson,910,326,192,0,134,0,0
Wendy's,1365,498,498,0,0,0,0
Clif Bar,910,596,556,0,40,0,0
Sweetgreen,700,180,156,6,6,6,6
Almond Breeze,1020,531,0,126,153,126,126
Outback Steakhouse,806,468,468,0,0,0,0
Stonyfield Farm,1365,0,0,0,0,0,0
Applebee's,1656,244,0,44,112,44,44
Nature Valley,910,332,332,0,0,0,0
Sweet Earth,910,0,0,0,0,0,0
Chick-fil-A,1820,876,0,212,240,212,212
Mizuno,442,140,101,4,27,4,4
Monster Energy,910,160,146,0,14,0,0
Starbucks,1050,231,183,12,12,12,12
Gatorade,484,86,56,24,2,2,2
Juicy Couture,1820,0,0,0,0,0,0
Absolut,455,307,307,0,0,0,0
Silk,403,135,131,0,4,0,0
Pizza Hut,1365,315,297,0,18,0,0
Foot Locker,780,284,202,8,58,8,8
Brooks Brothers,910,62,58,0,4,0,0
Pepsi,544,100,86,4,0,10,0
Larabar,910,328,328,0,0,0,0
No Evil Foods,870,158,0,36,50,36,36
Blaze Pizza,455,380,340,0,40,0,0
Papa John's,1365,18,0,0,18,0,0
Bell & Ross,434,585,0,136,177,136,136
Popeyes,1209,261,249,0,12,0,0
Gymshark,1820,832,0,208,208,208,208
Merrell,429,128,0,27,47,27,27
So Delicious,430,110,0,27,29,27,27
Anacapri,455,31,31,0,0,0,0
Celsius,455,205,166,0,39,0,0
Rogue Fitness,429,239,140,1,96,1,1
BodyArmor,1365,72,0,0,72,0,0
Nando's,1350,96,93,0,3,0,0
Buffalo Wild Wings,453,200,0,50,50,50,50
Volcom,403,153,131,0,22,0,0
Beyond Meat,429,161,157,1,1,1,1
Billabong,455,26,17,2,3,2,2
RokFit,455,107,56,4,39,4,4
Smirnoff,403,127,123,1,1,1,1
JD Sports,455,581,342,0,239,0,0
Coca-Cola,455,19,17,0,2,0,0
The Children's Place,390,31,11,2,14,2,2
Alexandre Birman,455,69,57,0,12,0,0
KFC,806,266,262,0,4,0,0
Asics,437,141,0,35,36,35,35
Modelo,910,186,118,0,68,0,0
Guarana Antarctica,455,15,15,0,0,0,0
Texas Roadhouse,910,358,358,0,0,0,0
Gardein,403,132,131,0,1,0,0
NOBULL,1365,498,498,0,0,0,0
Remy Martin,455,96,87,0,9,0,0
Quest Nutrition,1365,120,120,0,0,0,0
Siggi's Dairy,910,442,378,0,64,0,0
Main Event,455,186,183,0,3,0,0
ONE Brands,806,274,260,0,14,0,0
East Bay,866,362,242,6,102,6,6
Amstel,385,62,44,3,9,3,3
Oatly,455,947,226,178,187,178,178
Chili's,1820,0,0,0,0,0,0
Rip Curl,272,40,40,0,0,0,0
Dos Equis XX,1365,630,0,156,162,156,156
Noodles & Company,910,166,166,0,0,0,0
Red Bull,1820,724,716,0,8,0,0
Red Robin,1365,63,63,0,0,0,0
Trask,1365,0,0,0,0,0,0
Anta,1820,0,0,0,0,0,0
Foot Action,403,166,131,0,35,0,0
Michelob Ultra,788,222,210,0,12,0,0
Sonic,1365,0,0,0,0,0,0
Bjorg,455,103,103,0,0,0,0
Capodarte,216,4,4,0,0,0,0
Tofurky,1365,186,162,0,24,0,0
LongHorn Steakhouse,427,378,0,94,96,94,94
Quorn,1365,2088,0,522,522,522,522
Dave & Buster's,1275,369,312,12,21,12,12
Dune,1365,141,51,0,90,0,0
Roxy,455,77,77,0,0,0,0
Runnerspoint,910,258,72,0,186,0,0
Dunlop Sports,1820,112,112,0,0,0,0
McDonald's,1820,0,0,0,0,0,0
Burger King,1365,111,87,0,24,0,0
TGI Fridays,1365,0,0,0,0,0,0
Whataburger,455,40,38,0,2,0,0
Aldo,403,128,127,0,1,0,0
Mountain Dew,1365,627,0,156,159,156,156
Casamigos,1365,132,102,0,30,0,0
Alpro,455,31,31,0,0,0,0
Le Coq Sportif,1365,48,48,0,0,0,0
Fage,1820,132,132,0,0,0,0
Patagonia,1365,99,99,0,0,0,0
Olive Garden,455,7,0,0,7,0,0
Rude Health,910,150,150,0,0,0,0
Chobani,411,176,140,2,30,2,2
Invisalign,416,474,0,118,120,118,118
Califia Farms,910,338,332,0,6,0,0
Barilla,1365,0,0,0,0,0,0
On Running,910,564,528,2,30,2,2
Vegetarian Butcher,1221,159,147,0,12,0,0
Provamel,264,0,0,0,0,0,0
Buitoni,596,52,16,2,30,2,2
Powerade,264,5,1,1,1,1,1
Wingstop,2275,10,0,0,10,0,0
Stella Artois,1820,12,0,0,12,0,0
Boot Barn,910,332,332,0,0,0,0
KIND,1612,52,48,0,4,0,0
Ollies Bargain Outlet,910,634,616,2,12,2,2
Lightlife,1820,840,0,208,216,208,208
Schweppes,910,332,332,0,0,0,0
Savage X Fenty,1820,408,0,100,108,100,100
Crown Royal,806,262,262,0,0,0,0
Morningstar Farms,476,78,52,8,6,6,6
Ragu,840,8,8,0,0,0,0
Izod,398,10,2,2,2,2,2
Antarctica,910,78,78,0,0,0,0
Skol,1820,444,388,0,56,0,0
H Stern,272,688,0,172,172,172,172
Budweiser,1820,356,352,0,4,0,0
Carmen Steffens,455,3,0,0,3,0,0
Schutz,455,144,144,0,0,0,0
Corona,910,332,332,0,0,0,0
Arezzo,455,198,183,0,15,0,0
SuitSupply,455,64,62,0,2,0,0
Monte Carlo,910,316,316,0,0,0,0
Goose Island,2275,0,0,0,0,0,0
SPRITE,455,58,58,0,0,0,0
Eddie Bauer,910,696,614,0,82,0,0
Vivara,1365,1047,1029,0,18,0,0
Devassa,346,58,56,1,0,1,0
Santa Lolla,1365,21,0,0,21,0,0
Eisenbahn,1365,567,498,0,69,0,0
Lacoste,1820,0,0,0,0,0,0
Dumond,1365,498,498,0,0,0,0
SmileDirectClub,1365,3,0,0,3,0,0
Stone Island,1365,495,495,0,0,0,0
Bang,411,338,338,0,0,0,0
Corello,910,346,332,0,14,0,0
Life by Vivara,910,332,332,0,0,0,0
A. Lange & Soehne,910,182,174,0,8,0,0
Carta Blanca Beer,455,235,166,1,66,1,1
INDIO,1365,27,0,0,27,0,0
Colorado,1365,144,126,0,18,0,0
Lucky,455,0,0,0,0,0,0
Restylane,416,147,127,3,7,7,3
Journeys,910,358,358,0,0,0,0
VICTORIA Beer,242,221,143,2,72,2,2
Beck's,910,126,122,0,4,0,0
Cheddar's Scratch Kitchen,398,115,109,0,6,0,0
Revanesse,1314,366,363,0,3,0,0
Impossible Foods,446,195,174,3,11,4,3
Yves Veggie Cuisine,1365,144,129,0,15,0,0
Garden Gourmet,910,186,186,0,0,0,0
Bertolli,870,621,0,141,180,159,141
Rao's,1820,0,0,0,0,0,0
The Very Good Butchers,910,392,332,0,60,0,0
Itaipava,455,172,166,0,6,0,0
Cerveza Patagonia,455,149,131,0,18,0,0
Hylete,1820,1372,1328,0,44,0,0
Sol,1768,376,0,92,100,92,92
Hoegaarden,910,166,166,0,0,0,0
Carol Bassi,1365,417,375,0,42,0,0
Minor Figures,450,299,232,3,52,9,3
Buckle,1365,57,57,0,0,0,0
Brahma,1221,87,87,0,0,0,0
Tecate,388,264,0,56,96,56,56
Wolaco,1820,1748,0,440,436,436,436
Botox,1820,376,376,0,0,0,0
Alme,455,58,56,0,2,0,0
Belotero,910,332,332,0,0,0,0
Juvederm,910,332,332,0,0,0,0
Carla Amorim,1160,60,12,12,12,12,12
Boca,455,219,201,0,18,0,0
The Meatless Farm,455,72,72,0,0,0,0
Xeomin,1338,483,471,3,3,3,3
Jeuveau,910,164,162,0,2,0,0
Montejo,1820,40,0,0,40,0,0
O Boticario,1326,597,498,3,87,6,3
The Body Shop,910,178,178,0,0,0,0
NordicTrack,403,107,106,0,1,0,0
Clinique,46,2,2,0,0,0,0
Rachael Ray Nutrish,910,368,342,0,26,0,0
Dollar General,2275,525,485,0,40,0,0
Ulta Beauty,892,114,98,4,4,4,4
Fitplan,1820,0,0,0,0,0,0
Leesa,2080,150,90,15,15,15,15
Schwarzkopf,1820,0,0,0,0,0,0
REI,1365,105,0,24,33,24,24
Softsheen-Carson,900,668,348,0,320,0,0
Urban Decay Cosmetics,1365,0,0,0,0,0,0
Tuft & Needle,1365,384,375,0,9,0,0
Royal Canin,432,166,138,4,10,10,4
Blue Buffalo,455,235,235,0,0,0,0
GlamGlow,910,384,378,0,6,0,0
L'Oreal Paris,455,166,166,0,0,0,0
Whiskas,355,42,42,0,0,0,0
Garmin,910,0,0,0,0,0,0
Purina,910,408,330,0,78,0,0
ClassPass,910,354,332,0,22,0,0
Virgin Active,455,0,0,0,0,0,0
NARS,2165,235,225,0,10,0,0
Bath & Body Works,366,169,0,42,43,42,42
Peloton,455,50,39,0,11,0,0
TIGI,1365,174,174,0,0,0,0
Dove,1365,12,0,0,12,0,0
Klean Kanteen,822,104,96,2,2,2,2
Coles,1365,123,123,0,0,0,0
Cabela's,728,196,176,2,14,2,2
TRX,1236,126,0,27,45,27,27
Grown Alchemist,910,330,330,0,0,0,0
Bass Pro Shops,910,260,186,0,74,0,0
IT Cosmetics,455,47,37,0,10,0,0
Barry's Bootcamp,1365,276,276,0,0,0,0
Estee Lauder,910,438,358,0,80,0,0
Casper,1820,152,152,0,0,0,0
3CE,368,108,96,3,3,3,3
Pedigree,788,650,648,0,2,0,0
Bobbi Brown,754,828,614,6,196,6,6
ColourPop,455,70,70,0,0,0,0
Mary Kay,1365,51,51,0,0,0,0
Simmons,1365,171,54,9,90,9,9
bareMinerals,403,132,131,0,1,0,0
CamelBak,910,72,72,0,0,0,0
NIVEA,1365,132,87,0,45,0,0
IAMS,255,195,182,3,4,3,3
Smashbox,910,332,332,0,0,0,0
Erborian,1209,36,21,3,6,3,3
LP Building Products,1820,16,0,0,16,0,0
Origins,910,290,290,0,0,0,0
Coleman,910,334,332,0,2,0,0
Revlon,1644,84,56,4,16,4,4
Vidal Sassoon,277,355,1,86,95,87,86
Kanebo,403,133,131,0,2,0,0
Benefit,1365,171,123,0,48,0,0
Pantene,910,420,0,104,108,104,104
YETI,259,171,159,2,6,2,2
Kiehl's,455,172,166,0,6,0,0
Hibbett Sports,910,208,188,0,20,0,0
Tarte Cosmetics,372,82,65,3,8,3,3
MAC Cosmetics,910,732,614,0,118,0,0
SoulCycle,2275,1260,830,0,430,0,0
Bumble and bumble,400,296,0,119,59,59,59
Sephora,1365,258,252,0,6,0,0
Clairol,806,264,254,0,10,0,0
Natura,1820,268,268,0,0,0,0
Garancia,403,119,114,1,2,1,1
Eudora,1560,180,0,48,44,44,44
Aveda,1365,0,0,0,0,0,0
Orangetheory,1365,66,0,0,66,0,0
Lidl,403,135,131,0,4,0,0
Madison Reed,1365,498,480,0,18,0,0
NYX,1820,116,112,4,0,0,0
Avon,277,4,4,0,0,0,0
Flywheel Sports,806,272,262,0,10,0,0
Serta,1365,498,498,0,0,0,0
LimeLife,855,30,6,6,6,6,6
Drunk Elephant,910,30,30,0,0,0,0
Hill's,806,278,262,0,16,0,0
Too Faced,455,165,165,0,0,0,0
Hourglass,858,750,718,8,8,8,8
Torpedo 7,258,304,118,46,0,140,0
VO5,910,348,332,0,16,0,0
SkinCeuticals,403,328,288,3,31,3,3
Charlotte Tilbury,455,0,0,0,0,0,0
John Frieda,455,327,308,0,19,0,0
NV,910,344,332,0,12,0,0
Garnier,381,309,308,0,1,0,0
La Mer,307,97,73,3,15,3,3
La Roche-Posay,1209,300,297,0,3,0,0
YSL Beauty,52,152,0,38,38,38,38
Redken,1820,128,100,0,28,0,0
Maybelline,403,139,131,0,8,0,0
e.l.f.,403,14,4,2,4,2,2
Dermalogica,910,226,122,0,104,0,0
Hydro Flask,910,200,174,0,26,0,0
Dick's Sporting Goods,455,320,308,0,8,4,0
Marc Jacobs Beauty,1680,1300,1232,12,16,28,12
IL MAKIAGE,1365,498,498,0,0,0,0
Anastasia Beverly Hills,455,180,165,0,15,0,0
Laura Mercier,1820,1372,1284,0,88,0,0
Balmain Beauty,806,262,260,0,2,0,0
Blink Fitness,429,189,139,0,50,0,0
Wella,455,96,96,0,0,0,0
L'Oreal Professionnel,806,302,262,2,34,2,2
CertainTeed,910,206,206,0,0,0,0
Academy Sports + Outdoors,910,264,190,0,74,0,0
Pure Group,288,204,0,51,51,51,51
Kylie Cosmetics,455,60,55,0,5,0,0
Owens Corning,666,404,356,8,24,8,8
Cle de Peau Beaute,446,186,171,3,6,3,3
IGLOO,910,192,192,0,0,0,0
Olaplex,455,30,30,0,0,0,0
Fitness First,292,82,74,2,2,2,2
Tempur,1365,924,924,0,0,0,0
Sol de Janeiro,910,88,88,0,0,0,0
Breville,272,0,0,0,0,0,0
James Hardie Industries,884,454,430,4,12,4,4
Equinox,1820,0,0,0,0,0,0
Lancome,1365,510,492,0,18,0,0
Kathmandu,1820,736,716,0,20,0,0
Healthy Human,806,54,40,2,8,2,2
Pure Farmland,910,100,78,0,22,0,0
Kerastase,1365,0,0,0,0,0,0
Knight & Wilson,806,316,262,0,54,0,0
Sleep Number,1210,530,470,15,15,15,15
L'OCCITANE au Bresil,1365,501,498,0,3,0,0
Kenzo Beauty,1365,231,231,0,0,0,0
Macpac,407,160,135,5,10,5,5
Becca,1820,664,664,0,0,0,0
Tatcha,1365,261,261,0,0,0,0
GAF,910,436,332,0,104,0,0
iRobot,910,170,168,0,2,0,0
Value Village,385,61,45,4,4,4,4
Tonica Antarctica,1820,832,0,208,208,208,208
O'Neill,910,332,332,0,0,0,0
Givenchy Beauty,455,183,183,0,0,0,0
Meow Mix,1365,186,129,0,57,0,0
Ninja Kitchen,455,166,166,0,0,0,0
CEMEX,910,168,168,0,0,0,0
Melvita,403,128,127,0,1,0,0
Suunto,455,0,0,0,0,0,0
Shu Uemura,422,82,0,19,25,19,19
Fabula,580,56,28,10,6,6,6
Lovisa,1365,0,0,0,0,0,0
Saatva,446,321,299,1,15,5,1
Richards,55,90,43,8,23,8,8
Salinas,403,132,131,0,1,0,0
Target,910,226,166,0,60,0,0
Aldi,455,62,62,0,0,0,0
LORO PIANA,910,208,186,0,22,0,0
Baw Clothing,1365,309,264,0,45,0,0
Fiever,518,238,224,2,8,2,2
City Chic,1365,498,498,0,0,0,0
Maria Filo,1820,176,160,0,16,0,0
L'OCCITANE,710,150,128,0,22,0,0
Woolworths,1365,90,0,15,45,15,15
Five Below,1365,720,537,0,183,0,0
FARM,1820,736,664,4,60,4,4
Bo.Bo,1820,1808,0,452,452,452,452
Cris Barros,910,58,58,0,0,0,0
Dr.Jart,1365,87,87,0,0,0,0
Sensai,1365,219,186,0,33,0,0
ANIMALE,259,207,186,2,15,2,2
Bobstore,1820,304,256,0,48,0,0
Le Lis Blanc,1820,552,400,0,152,0,0
John John Denim,1820,0,0,0,0,0,0
Rosa Cha,910,364,332,8,8,8,8
Planet Fitness,1365,6,0,0,6,0,0
Shoulder,268,21,4,5,4,4,4
Dudalina,1365,0,0,0,0,0,0
Tesco Supermarket,418,16,0,4,4,4,4
SK-II,455,0,0,0,0,0,0
Helix,1820,320,320,0,0,0,0
Morphe,1820,0,0,0,0,0,0
Oboz,455,59,55,0,4,0,0
Dior Beauty,1365,3,0,0,3,0,0
Foxton,910,394,358,0,36,0,0
Ecovacs,273,109,0,27,28,27,27
La Prairie,1768,312,216,4,84,4,4
Pacifico,455,129,105,0,24,0,0
Syoss,1365,387,387,0,0,0,0
Lilys Kitchen,455,2,2,0,0,0,0
Shark Home,1338,537,471,0,66,0,0
Esalon,1365,408,408,0,0,0,0
Rumble Boxing,1820,100,100,0,0,0,0
CSR,910,362,358,0,4,0,0
Reserva,455,2,0,0,2,0,0
Armani Beauty,1365,0,0,0,0,0,0
RTIC,1365,186,186,0,0,0,0
Purple,770,322,224,4,86,4,4
Boral,455,652,0,161,169,161,161
Cannuka,298,24,22,0,2,0,0
Nectar,1820,244,72,4,160,4,4
Elemis,1365,0,0,0,0,0,0
Dollar Tree,418,184,0,46,46,46,46
Fenty Beauty,1820,0,0,0,0,0,0
Build A Bear,1365,552,552,0,0,0,0
Darphin,900,820,628,4,176,8,4
Christian Louboutin Beauty,1820,0,0,0,0,0,0
Sharkbite,1365,3,0,0,3,0,0
Chanel Beauty,455,166,166,0,0,0,0
VR Collezioni,1365,285,285,0,0,0,0
Ellus,1365,72,42,0,30,0,0
Spaten,455,98,97,0,1,0,0
Bulgari Beauty,806,270,262,0,8,0,0
Est,910,332,332,0,0,0,0
Sofina,276,439,0,109,112,109,109
Dysport,455,148,148,0,0,0,0
Rolife,910,214,194,0,20,0,0
Sanrio,910,222,218,0,4,0,0
Wahoo Fitness,455,322,314,0,8,0,0
Troc,892,344,314,6,12,6,6
Starwars,1820,568,504,0,64,0,0
Loewe Beauty,578,376,0,94,94,94,94
shopDisney,403,132,127,1,2,1,1
Funko,1365,498,498,0,0,0,0
Disney,510,102,86,0,4,12,0
My Shoes,455,101,89,0,12,0,0
Tom Ford Beauty,1820,412,412,0,0,0,0
Miniso,455,36,24,0,12,0,0
Gucci Beauty,1652,204,0,40,84,40,40
Mirror,910,658,614,0,44,0,0
Tineco,754,296,176,2,114,2,2
Royal Building Products,2275,925,895,0,30,0,0
Sculptra,1209,63,48,6,3,3,3
Roborock,1820,24,0,0,24,0,0
ORCA,1820,0,0,0,0,0,0
Burberry Beauty,1338,27,27,0,0,0,0
MARVEL,455,25,25,0,0,0,0
Temu,987,18,15,0,3,0,0
ShopGoodwill,455,2,2,0,0,0,0
Finding Unicorn,420,370,347,1,9,12,1
Pop Mart,272,0,0,0,0,0,0
